DROP TABLE IF EXISTS t1;
CREATE TABLE t1 (a int auto_increment primary key, b int) ENGINE=MyISAM;
INSERT INTO t1(b) values (1),(2),(3),(4),(5),(6),(7),(8),(9),(10),(11),(12),
(13),(14),(15),(16),(17),(18),(19),(20),(21),(22),(23),(24),(25);
EXPLAIN
SELECT * FROM t1
WHERE a > 10;
id	select_type	table	type	possible_keys	key	key_len	ref	rows	Extra
1	SIMPLE	t1	ALL	PRIMARY	NULL	NULL	NULL	25	Using where
use mysql;
INSERT INTO optimizer_cost_factors values ('SCAN_TIME_FACTOR', 'MyISAM', 1000.0);
use test;
EXPLAIN
SELECT * FROM t1
WHERE a > 10;
id	select_type	table	type	possible_keys	key	key_len	ref	rows	Extra
1	SIMPLE	t1	range	PRIMARY	PRIMARY	4	NULL	15	Using index condition
DROP TABLE t1;
